time,BS,PV,NPV,TCW,water
1987-10-06 00:00:51.500000,23.741668581935187,26.913353252125948,37.087259633800656,6.8949666743277405,5.362751857810465
1987-11-07 00:01:27.500000,22.277569162387923,25.182006284006437,40.27894857843513,7.663422484481569,4.598053490688941
1987-12-17 23:55:57.500000,17.6551829970076,33.10826363845623,49.236553364536185,0.0,0.0
1987-12-25 00:02:15.000000,15.85974065832886,33.18499194352797,50.95526739814318,0.0,0.0
1988-01-02 23:56:13.000000,15.375172625441152,36.673315942918514,47.95151143164033,0.0,0.0
1988-01-10 00:02:31.500000,20.747333691398758,31.957339062380115,47.295327246221134,0.0,0.0
1988-01-18 23:56:30.500000,24.690788968272255,34.808327571637086,40.50088346009065,0.0,0.0
1988-01-26 00:02:49.500000,28.30941600798097,34.325838385388685,37.364745606630336,0.0,0.0
1988-02-11 00:03:06.500000,20.690978886756238,32.660268714011515,46.648752399232244,0.0,0.0
1988-03-06 23:57:13.500000,27.81874039938556,34.9078341013825,37.273425499231955,0.0,0.0
1988-03-22 23:57:21.500000,24.205679201841907,29.953952417498087,45.84036838066002,0.0,0.0
1988-04-15 00:03:38.500000,14.968177287017866,35.06632926922782,49.96549344375431,0.0,0.0
1988-04-23 23:57:32.500000,18.11967124971196,32.145326061909515,49.73500268837853,0.0,0.0
1988-06-02 00:04:03.500000,16.93121693121693,38.777701096541676,44.29108197224139,0.0,0.0
1988-06-26 23:58:00.500000,16.25978811607554,40.84139413480731,42.89881774911716,0.0,0.0
1988-07-20 00:04:15.500000,13.99202209266646,42.23688247928813,43.771095428045406,0.0,0.0
1988-07-28 23:58:06.500000,17.672347612467373,41.18685705512053,41.140795332412104,0.0,0.0
1988-09-14 23:58:07.500000,27.64358561460011,20.5275669043785,39.55984970477724,7.668123610152596,4.6008741660915575
1988-12-27 00:03:52.500000,29.481674589786845,29.77304094464039,33.84450237693605,6.134028523232633,0.7667535654040791
1989-01-20 23:57:21.500000,22.911071894421855,35.40243996010128,41.68648814547687,0.0,0.0
1989-01-28 00:03:32.500000,25.54122524182405,29.502533394748966,44.956241363427,0.0,0.0
1989-03-01 00:03:19.500000,24.52207293666027,34.13435700575816,41.34357005758157,0.0,0.0
1989-03-17 00:02:41.500000,24.53351762266759,34.53889272825002,40.9275896490824,0.0,0.0
1989-04-26 23:56:11.500000,17.686813608785805,36.79440903156439,45.518777359649796,0.0,0.0
1989-05-20 00:01:58.500000,29.48087851328521,31.784672093380433,37.96651819996928,0.7679311933650744,0.0
1989-06-05 00:01:46.500000,26.08629013717526,32.830101923519045,34.186527703272276,6.130737987585255,0.7663422484481569
1989-07-31 23:54:25.500000,7.447132207515593,15.632131446827932,14.544348090673969,15.213753232922562,47.16263502205994
1989-08-16 23:54:00.500000,8.514520298008211,9.966550098829254,8.537327048806448,19.0056256651969,53.97597688915919
1989-11-11 23:57:54.500000,0.0,0.0,0.0,44.696969696969695,55.3030303030303
1989-11-20 23:51:19.000000,12.95941072661705,36.13903168878999,48.59970843244072,2.3018491521522284,0.0
1989-11-27 23:57:29.500000,19.75763153857954,33.364012885411874,45.34437797208161,1.5339776039269826,0.0
1989-12-29 23:56:34.500000,22.061302681992338,38.02298850574712,26.88888888888889,5.363984674329502,7.662835249042145
1990-02-24 23:48:34.500000,24.825362708221395,40.1397098334229,30.429108774084597,4.60581868427113,0.0
1990-03-03 23:54:28.500000,17.0894321403939,38.61598589930262,28.201394742892173,15.326844968963139,0.7663422484481569
1990-03-12 23:48:00.500000,22.96882199354938,38.88035632007372,29.703578559361084,2.3037935800952236,6.143449546920595
1990-03-28 23:47:29.500000,20.791775356759246,39.84195181832131,28.62513426423201,4.603345097437471,6.137793463249961
1990-04-04 23:53:35.500000,20.220841959972397,39.130434782608695,28.379725481174756,4.6008741660915575,7.668123610152596
1990-04-13 23:47:35.500000,14.233072316904652,37.70919699063412,34.23921387993244,8.444649163212038,5.373867649316751
1990-04-29 23:47:28.500000,17.614594511727734,38.885482140119585,30.46910930553427,6.132147784761614,6.898666257856815
1990-06-07 23:53:43.500000,15.750803612429204,27.475891627123833,31.51691412827185,20.664319608143273,4.5920710240318385
1990-06-16 23:47:31.500000,14.249539594843464,36.42572130141191,39.349294045426646,8.440761203192142,1.5346838551258442
1990-07-02 23:47:31.500000,9.65348428057829,27.698309492847855,28.22611489329152,27.537673066625874,6.884418266656469
1990-09-20 23:47:09.500000,12.452457021147117,15.213753232922562,7.675338506009433,31.188194127491247,33.470257112429636
1990-09-27 23:53:15.500000,0.0,0.0,0.0,37.121212121212125,62.878787878787875
1990-10-06 23:46:56.500000,0.9474003334849175,1.8872214643019556,0.9095043201455207,22.73760800363802,73.51826587842959
1990-10-22 23:46:54.500000,0.0,0.0,0.0,6.0606060606060606,93.93939393939394
1990-11-14 23:53:02.500000,4.077920109148791,1.19002501326461,3.016751307511559,3.0319108618206623,88.68339270825437
1990-12-25 23:47:01.500000,24.04559712340295,30.196618468365084,37.34220794124398,6.885471654808353,1.5301048121796341
1991-01-10 23:47:28.500000,24.86776542736681,42.5756995017248,24.124185511690303,8.43234955921809,0.0
1991-01-17 23:53:53.500000,27.311053196382034,44.75701364402882,24.865859267208336,2.2995554192856047,0.7665184730952015
1991-02-02 23:54:05.500000,25.957479468877114,39.273927392739274,27.093407015120107,6.14014889861079,1.5350372246526975
1991-02-11 23:48:07.000000,23.0503795721187,41.59190246146768,26.1559696342305,5.367686527106817,3.834061805076298
1991-02-18 23:54:27.500000,23.453667509772362,40.476737947420865,29.17145703993255,2.2993791676247413,4.5987583352494825
1991-03-06 23:54:43.500000,23.84751093042878,40.36971695942318,28.879343407225587,1.5340952673161001,5.369333435606351
1991-03-15 23:48:44.500000,20.724315199877232,40.85782245070206,31.51231489296401,4.603698304304457,2.3018491521522284
1991-03-22 23:55:07.500000,17.905638665132336,38.97199846566935,30.847717683160724,3.8358266206367473,8.438818565400846
1991-04-07 23:55:19.500000,19.007820886367117,38.445023769360525,31.812605428615242,3.8337678270203948,6.900782088636712
1991-07-05 23:50:35.500000,10.313695485845448,30.51262433052793,23.213465952563123,33.66488140780414,2.295332823259373
1991-07-28 23:57:01.500000,10.845687072739842,52.41570013057838,32.898072048544435,3.07243259850987,0.7681081496274675
1991-08-29 23:57:12.500000,13.46904415703681,43.85092217035279,25.078441876482742,16.071018596464373,1.5305731996632739
1991-09-07 23:51:12.500000,15.934909425852013,50.52195271722444,31.240405280933377,1.5351550506601166,0.7675775253300583
1991-10-25 23:51:30.500000,17.979425763856902,35.029940119760475,46.22293873790879,0.7676953784738215,0.0
1992-02-14 23:51:29.500000,31.227022058823533,17.67003676470588,51.10294117647059,0.0,0.0
1992-03-08 23:57:44.500000,11.611665387567152,32.601688411358396,55.78664620107444,0.0,0.0
1992-04-02 23:51:25.500000,11.181029851891642,37.111503338193536,51.70746680991481,0.0,0.0
1992-04-09 23:57:31.500000,24.17498081350729,27.774366845740595,47.28319263238679,0.7674597083653107,0.0
1992-05-11 23:57:16.500000,10.51223241590214,34.694189602446485,37.974006116207946,16.81957186544342,0.0
1992-05-20 23:50:59.500000,11.007491209295216,37.861183305305005,43.487234367833665,7.644091117566123,0.0
1992-06-28 23:56:46.500000,18.566600092180057,39.99846366569365,40.66676908895375,0.7681671531725303,0.0
1992-07-14 23:56:33.500000,17.122920021470744,39.67487155892953,43.20220841959973,0.0,0.0
1992-08-08 23:50:03.500000,17.32289508020569,35.413308772737736,45.72875892240386,0.0,1.5350372246526975
1992-09-09 23:49:33.500000,18.087716607882225,33.49946327250421,46.879312988805395,1.5335071308081583,0.0
1992-09-25 23:49:15.500000,18.52675149471102,31.427257396903265,46.2133987429097,3.8325923654760077,0.0
1992-12-21 23:54:55.500000,0.0,0.0,0.0,21.96969696969697,78.03030303030303
1992-12-30 23:48:48.500000,0.0,0.0,0.0,7.575757575757576,92.42424242424242
1993-01-06 23:55:05.500000,0.0,0.0,0.0,18.939393939393938,81.06060606060606
1993-01-31 23:49:12.500000,11.431184270690444,18.076512726718487,17.908855357415028,25.148605395518974,27.434842249657066
1993-02-16 23:49:20.500000,13.410633915630482,25.623617362117628,19.772675261270884,21.359371424212373,19.83370203676863
1993-02-23 23:55:30.500000,17.503069367710253,37.11632903621854,36.93984039287907,0.7673419275629221,7.67341927562922
1993-03-11 23:55:43.500000,19.728360957642728,40.05524861878453,31.7756292203806,0.7673419275629221,7.67341927562922
1993-03-27 23:55:43.500000,16.62954143943467,44.942007834703126,32.283585528842465,1.536216299254935,4.608648897764805
1993-04-21 23:49:45.500000,18.93904498694918,39.38277291570705,33.23353293413174,2.303086135421465,6.141563027790573
1993-04-28 23:55:59.500000,20.094924596187706,36.95935083824543,36.056036132588225,6.889688432978643,0.0
1993-05-07 23:49:49.500000,9.606986899563317,41.07867923082816,41.65325978702214,7.661074082586379,0.0
1993-06-15 23:56:04.500000,15.798358014271463,38.21836875623417,36.00859357016803,8.440113557891506,1.534566101434819
1993-07-10 23:49:46.500000,7.544592030360531,10.072106261859583,15.590132827324476,53.13092979127134,13.66223908918406
1993-07-17 23:55:56.500000,17.588978185993113,31.496364332185223,31.77956371986223,18.369690011481055,0.7654037504783773
1993-07-26 23:49:44.500000,15.125470032998237,41.31685979587139,42.79026935768552,0.0,0.7674008134448623
1993-08-02 23:55:56.500000,12.792212769218978,35.76301065379014,36.882041848700844,13.796275005748448,0.7664597225415805
1993-08-18 23:55:56.500000,18.50065089210506,33.98422543839498,37.56030323914541,8.423309594915382,1.5315108354391607
1993-09-03 23:55:55.500000,20.359005830009202,36.44522859772936,40.12733967474686,2.301319423135931,0.7671064743786437
1993-09-19 23:55:52.500000,15.349800552316662,39.73611537281374,42.612764651733656,2.301319423135931,0.0
1993-09-28 23:49:40.500000,9.604909858074414,43.71308016877637,44.38051400076717,2.3014959723820483,0.0
1993-10-05 23:55:48.500000,16.758536211912418,35.277905374368395,35.71428571428571,12.24927269943347,0.0
1993-10-14 23:49:34.500000,14.582057562767915,31.904470300061238,34.376913655848135,14.543784445805269,4.592774035517453
1993-10-21 23:55:41.500000,14.331624454816744,31.88461244165583,30.828678552299333,16.06855918585967,6.886525365368429
1993-10-30 23:49:27.500000,16.905071521456435,29.113439914327238,27.97368622351411,19.12338407404574,6.884418266656467
1993-11-15 23:49:17.500000,0.6061983784193378,0.8411002500568312,0.8032128514056226,42.43388648935364,55.315602030764566
1993-11-22 23:55:27.500000,0.0,0.0,0.0,7.575757575757576,92.42424242424242
1993-12-01 23:49:15.500000,0.7956353716753808,1.3109039933318178,0.9017200878987648,39.40289459725695,57.588845949837086
1993-12-08 23:55:23.500000,0.0,0.0,0.0,17.424242424242426,82.57575757575758
1993-12-17 23:49:08.500000,0.06818698386241381,0.4773088870368967,0.20456095158724147,12.879763618455941,86.3701795590575
1994-01-25 23:54:49.500000,18.551480742673007,37.51726254411539,42.39680834739911,0.0,1.5344483658124903
1994-02-19 23:48:20.500000,16.330134357005758,43.7619961612284,36.06909788867562,0.7677543186180422,3.071017274472169
1994-03-07 23:48:05.500000,19.280067541637884,41.261800598664514,37.15557602271855,1.5350372246526978,0.7675186123263489
1994-03-14 23:54:09.500000,17.74403803389311,40.7637451115712,36.12453032742888,1.5336247220305192,3.834061805076298
1994-04-08 23:47:33.500000,19.20006141563028,41.839398126823276,36.657454322124984,0.0,2.303086135421465
1994-07-20 23:51:32.500000,19.05638665132336,35.81127733026467,40.52934407364787,4.602991944764097,0.0
1994-08-30 23:44:19.500000,19.157765311611467,36.27142088680551,44.57081380158303,0.0,0.0
1994-09-06 23:50:19.500000,12.551755865664774,37.39457138475694,46.21990492255789,2.300260696212237,1.5335071308081583
1994-11-09 23:48:19.500000,20.08133824432167,29.135972989564152,48.48066298342542,2.3020257826887662,0.0
1994-11-25 23:47:46.500000,19.82216771424191,29.564617507281927,49.080177832285756,1.533036946190403,0.0
1994-12-04 23:41:20.500000,27.259475218658892,28.955040662881693,40.716587386834426,3.0688967316249807,0.0
1995-01-21 23:39:42.500000,26.350936444580903,32.30733804114216,39.80657046361682,1.5351550506601166,0.0
1995-01-28 23:45:36.500000,19.04688818970148,35.331133451001456,44.08717673240734,1.5348016268897247,0.0
1995-02-06 23:39:03.500000,17.699454810719498,35.94409890194272,46.35644628733779,0.0,0.0
1995-02-13 23:44:56.500000,13.156885308784041,36.51706942846184,50.32604526275413,0.0,0.0
1995-03-10 23:37:46.500000,16.36112602592621,38.889315026463144,44.749558947610645,0.0,0.0
1995-04-02 23:43:01.000000,13.894219697551243,39.36439702157059,46.74138328087818,0.0,0.0
1995-04-18 23:42:21.500000,19.42655627108249,33.91597669426557,46.657467034651944,0.0,0.0
1995-06-14 23:33:34.500000,10.084998851366873,39.39045868749521,44.39849911938127,4.594532506317482,1.5315108354391607
1995-06-21 23:39:26.500000,22.665541318192282,37.15951814624415,40.17494053556357,0.0,0.0
1995-06-30 23:32:51.000000,12.664826740263724,39.99540018399264,45.8065010732904,1.5332720024532354,0.0
1995-08-17 23:30:41.500000,18.329751304881793,37.12004912496162,44.550199570156586,0.0,0.0
1995-09-02 23:29:55.500000,20.97269100951212,35.2332003682111,43.02700214789812,0.7671064743786437,0.0
1995-09-09 23:35:46.500000,23.44684767602393,34.87498082527995,39.37720509280565,2.300966405890474,0.0
1995-09-25 23:34:57.500000,18.21444936612189,21.643500840079426,25.775164197342292,23.674965633114404,10.69191996334199
1995-10-11 23:34:06.500000,16.105529565150704,34.18973847687706,42.80236214433623,6.135439834343125,0.7669299792928906
1995-12-23 23:29:04.000000,23.542033872327377,32.017779140163995,39.84213349681968,3.0653689937926276,1.5326844968963138
1996-01-15 23:36:53.500000,18.201334048915125,36.862684965115385,37.26903319788392,2.3000843364256687,5.366863451659894
1996-02-16 23:39:06.500000,16.849367573783056,36.86469911843618,40.91989267918743,0.76657723265619,4.59946339593714
1996-03-03 23:40:10.500000,14.205593116164719,36.45513214505225,48.57098955132145,0.7682851874615857,0.0
1996-04-04 23:42:13.500000,16.31102241326374,38.24071231194351,40.075222597482345,5.3730426773104085,0.0
1996-04-29 23:37:34.000000,12.702433034001073,44.31652467572338,42.98104229027553,0.0,0.0
1996-05-06 23:44:09.500000,17.842355466952924,37.24888820733017,41.07498849869653,3.8337678270203965,0.0
1996-06-23 23:46:49.500000,10.288476292772748,42.534908700322234,41.8060457265613,5.370569280343716,0.0
1996-07-02 23:41:06.500000,12.759757687293922,38.570661759067555,44.06870638754697,4.6008741660915575,0.0
1996-08-10 23:49:21.500000,17.404650448929477,37.80216407029391,43.25838385388688,1.5348016268897247,0.0
1996-08-26 23:50:12.500000,13.499616270145816,40.828856485034535,37.99693016116654,5.372217958557175,2.302379125095932
1996-09-04 23:44:32.000000,15.665416698553605,31.200734675135838,35.5322568301829,13.009872197137826,4.591719598989822
1996-09-20 23:45:24.500000,15.66495674144399,30.648495521016766,31.483041114769154,12.250210550493836,9.953296072276242
1996-10-13 23:52:47.500000,14.071924868290447,23.944414751469804,26.86111323203787,19.851874475070627,15.270672673131253
1996-10-22 23:47:03.500000,16.36891128416552,25.057260650480984,28.034814475492436,16.796457474423573,13.742556115437468
1996-10-29 23:53:35.000000,15.133485888634631,19.336384439359268,21.289092295957285,26.697177726926014,17.54385964912281
1996-11-23 23:48:33.500000,17.831712732562586,31.00834545593752,32.78462598575913,11.484572391087971,6.890743434652783
1996-12-09 23:49:20.500000,14.386072083078801,20.876603543066583,31.902871105681125,18.32620647525962,14.508246792913864
1997-01-01 23:56:37.500000,23.187183811129845,32.13245439215085,36.24865859267208,2.2995554192856047,6.132147784761612
1997-01-10 23:50:52.000000,24.187365838699787,32.45170193192272,43.3609322293775,0.0,0.0
1997-01-17 23:57:22.500000,21.000996397639305,33.356327125009585,35.67870008431056,1.532919445083161,8.431056947957385
1997-01-26 23:51:35.500000,18.842024539877304,40.09202453987731,34.16411042944786,5.368098159509203,1.5337423312883438
1997-02-02 23:58:04.500000,19.31652746915945,36.25009577810129,32.94000459734886,3.064899241437437,8.428472913952954
1997-02-11 23:52:17.500000,20.716856858390138,36.48617599754921,31.308876464731565,3.829363559776365,7.65872711955273
1997-02-27 23:52:56.500000,17.769767620216278,39.43553953524044,32.05767313444283,3.0677199171715626,7.669299792928906
1997-03-15 23:53:34.500000,17.935157507472983,44.301371962903346,30.098873304207867,5.365218057791063,2.2993791676247413
1997-06-19 23:56:57.500000,12.94072657743786,33.22370936902486,37.00956022944551,10.707456978967496,6.118546845124283
1997-07-05 23:57:31.500000,13.58962553713935,33.85512584407612,37.97575199508901,8.440761203192142,6.138735420503377
1997-07-13 00:03:56.500000,13.910841709506638,31.543006214992715,37.66592495971764,7.672830507174097,9.207396608608917
1997-07-29 00:04:29.000000,18.055555555555557,30.762737875997548,38.90423572744015,5.371393492940454,6.906077348066299
1997-08-22 23:59:06.500000,18.342016549187868,33.136684033098376,39.32730615997549,6.129328838492186,3.064664419246093
1997-09-23 12:00:08.635006,21.177733476460663,30.25609569084496,43.19889587486582,3.0670142616163165,2.300260696212237
1997-12-29 00:02:28.500000,22.615301972220088,30.780446627273424,43.53464814672704,3.0696032537794493,0.0
1998-01-05 00:08:49.000000,18.55519729771227,32.14340549669891,49.30139720558883,0.0,0.0
1998-01-14 00:02:49.500000,9.471990190819218,36.485554448616746,54.04245536056402,0.0,0.0
1998-01-21 00:09:08.500000,18.140676536012883,33.259185395413056,48.600138068574054,0.0,0.0
1998-02-06 00:09:30.500000,16.500383729854182,36.009209516500384,47.49040675364543,0.0,0.0
1998-02-22 00:09:48.500000,17.040393180771005,38.39655966825373,44.56304715097527,0.0,0.0
1998-03-03 00:03:45.500000,16.495241019342952,38.44795824378263,45.05680073687442,0.0,0.0
1998-03-10 00:10:03.500000,18.573072497123132,35.21288837744534,46.21403912543153,0.0,0.0
1998-03-19 00:04:01.500000,15.223903525616409,37.86005069513788,46.91604577924572,0.0,0.0
1998-04-04 00:04:13.500000,15.795131690086773,36.81179451739231,47.39307379252093,0.0,0.0
1998-04-20 00:04:25.500000,6.106167536054004,43.70205584535133,50.191776618594666,0.0,0.0
1998-05-13 00:10:57.500000,9.896432681242809,38.41963943229766,51.683927886459536,0.0,0.0
1998-07-16 00:11:48.500000,17.573574494175354,29.95861434702637,52.467811158798284,0.0,0.0
1998-08-10 00:05:47.500000,16.898059369486845,31.149804402853416,51.95213622765974,0.0,0.0
1998-09-27 00:06:12.000000,20.56046065259117,26.71017274472169,52.72936660268714,0.0,0.0
1998-11-14 00:06:23.500000,18.32553142506331,27.472949121326067,52.66671782672089,1.5348016268897247,0.0
1998-11-30 00:06:22.500000,19.829637019415237,28.723812447241194,51.44655053334357,0.0,0.0
1998-12-07 00:12:31.000000,17.948914627598374,30.19099486078085,51.86009051162077,0.0,0.0
1998-12-16 00:06:19.500000,16.759990795428397,33.01373015264248,50.226279051929126,0.0,0.0
1998-12-23 00:12:36.500000,15.903688367456484,31.631009891879458,52.46530174066406,0.0,0.0
1999-01-17 00:06:21.500000,13.328220858895703,32.07055214723926,54.601226993865026,0.0,0.0
1999-02-02 00:06:27.500000,14.787544101856115,32.098481362172116,53.11397453597178,0.0,0.0
1999-02-09 00:12:44.000000,14.022847504408494,28.705052518592346,57.27209997699916,0.0,0.0
1999-03-13 00:12:36.000000,23.39805080193385,25.707927250402886,50.89402194766326,0.0,0.0
1999-03-22 00:06:17.500000,10.383435582822084,30.866564417177912,58.75,0.0,0.0
1999-03-29 00:12:18.500000,16.687144831823066,29.334971586545844,53.97788358163108,0.0,0.0
1999-04-14 00:12:16.500000,14.705431113838602,29.963178889229823,55.33138999693157,0.0,0.0
1999-04-23 00:06:06.500000,17.354294478527606,30.66717791411043,51.978527607361954,0.0,0.0
1999-05-16 00:12:01.500000,22.058484918259268,25.73489907130248,52.20661601043825,0.0,0.0
1999-06-10 00:05:20.500000,15.831478781367508,31.824111733558436,52.34440948507405,0.0,0.0
1999-07-28 00:05:05.500000,16.357219579561146,29.637870185668252,54.0049102347706,0.0,0.0
1999-08-04 00:11:15.500000,23.229766014576143,24.135021097046415,52.635212888377445,0.0,0.0
1999-08-05 00:20:16.500000,19.198279834126865,28.651512824450933,52.1502073414222,0.0,0.0
1999-08-13 00:05:00.500000,18.944623408498238,26.231017027151402,54.82435956435037,0.0,0.0
1999-08-21 00:20:14.000000,26.175476336816228,24.27781192378611,49.546711739397665,0.0,0.0
1999-08-29 00:04:40.500000,17.220474253702708,25.17842068912593,57.60110505717137,0.0,0.0
1999-09-30 00:03:53.500000,20.80742958016732,23.95425589070535,55.23831452912733,0.0,0.0
1999-10-24 00:20:13.500000,26.16435202946367,27.95212153763524,45.11624338218369,0.7672830507174098,0.0
1999-11-01 00:03:36.000000,21.227935533384496,30.276285495011514,48.49577897160399,0.0,0.0
1999-11-08 00:09:32.500000,21.721437346437344,30.620393120393118,47.658169533169534,0.0,0.0
1999-11-17 00:03:00.500000,22.514575023013197,27.738570113531757,49.74685486345505,0.0,0.0
1999-11-24 00:08:55.500000,20.19193857965451,29.712092130518236,49.32821497120921,0.7677543186180422,0.0
1999-12-02 00:26:21.500000,28.15854032505366,25.858632321373808,45.98282735357252,0.0,0.0
1999-12-18 00:26:29.500000,25.172678434382195,30.09209516500384,44.735226400613975,0.0,0.0
2000-01-03 00:26:22.500000,21.709414836430653,31.385347872830593,46.90523729073875,0.0,0.0
2000-01-12 00:20:12.500000,23.80732887762157,30.95183221940539,45.24083890297303,0.0,0.0
2000-01-19 00:26:19.500000,23.56418918918919,27.687346437346438,48.74846437346437,0.0,0.0
2000-02-13 00:20:06.500000,22.86131162647827,30.12594071571187,47.01274765780986,0.0,0.0
2000-03-07 00:26:07.500000,23.204419889502763,27.96193984039288,48.83364027010436,0.0,0.0
2000-03-23 00:26:09.500000,14.814246238870126,36.091495241019345,49.094258520110536,0.0,0.0
2000-05-10 00:25:40.500000,17.379617540895477,37.37808156055603,45.24230089854851,0.0,0.0
2000-06-27 00:25:14.500000,16.874039938556066,36.359447004608306,45.23041474654379,0.7680491551459294,0.7680491551459294
2000-07-06 00:18:57.500000,19.893960350391886,34.25541724296911,45.0822191486092,0.7684032580298141,0.0
2000-07-22 00:18:42.500000,15.727663494012894,35.423702793982194,48.84863371200491,0.0,0.0
2000-09-15 00:24:08.500000,23.1613695685552,30.746199907876555,45.32473514509443,0.7676953784738216,0.0
2000-11-18 00:23:53.000000,20.540374577832363,28.546208167024865,49.37826220448265,0.7675775253300583,0.7675775253300583
2000-11-27 00:17:44.500000,30.68417415342087,24.37226445519465,44.175689165322886,0.7678722260615832,0.0
2000-12-04 00:23:52.500000,27.551255471089608,27.267142747446822,44.41372955540198,0.7678722260615832,0.0
2000-12-20 00:23:58.500000,17.60552570990023,27.46738296239447,54.92709132770529,0.0,0.0
2000-12-29 00:17:48.500000,26.76391554702495,22.641074856046064,46.75623800383877,2.3032629558541267,1.5355086372360844
2001-01-05 00:23:57.500000,31.90574871440633,25.527669045974367,41.799063627292966,0.7675186123263489,0.0
2001-01-14 00:17:51.000000,24.489795918367346,26.722418290624518,45.71888905938316,3.0688967316249807,0.0
2001-01-21 00:24:03.500000,29.542835190165196,27.998463311563576,41.69035728006146,0.768344218209758,0.0
2001-01-30 00:17:52.500000,27.744909719554368,32.83903188628506,37.87936995774107,0.7683442182097582,0.7683442182097582
2001-02-06 00:23:57.500000,18.41277150970911,34.28505641261801,44.2320976283675,3.0700744493053955,0.0
2001-02-15 00:17:47.500000,20.975909160656744,34.3486266687126,39.30489489028694,5.370569280343716,0.0
2001-02-22 00:23:56.500000,21.06394411606663,36.37061487679435,36.424349428110844,6.1410915790281715,0.0
2001-03-03 00:17:42.500000,26.183715754738696,33.7119177346328,35.49996162995932,3.0696032537794493,1.5348016268897247
2001-03-19 00:17:35.500000,25.078634445723054,35.03644035289605,34.514767932489455,2.3014959723820483,3.068661296509398
2001-04-04 00:17:24.500000,27.903584862209264,33.72994549781224,33.760650955707376,2.302909342135565,2.302909342135565
2001-04-20 00:17:28.500000,36.304998848191666,31.536512324349232,32.15848882745912,0.0,0.0
2001-04-27 00:23:37.500000,24.326393141457444,26.1558481322719,29.61573790569504,17.605633802816904,2.2963870177587267
2001-05-13 00:23:28.500000,21.558541266794627,32.783109404990405,36.44529750479846,6.142034548944338,3.071017274472169
2001-06-30 00:22:53.500000,24.177593742811133,30.971551261406333,31.815044858523123,6.901311249137336,6.134498888122077
2001-07-16 00:22:53.500000,19.154648665234735,37.457809143909174,35.71647744706965,5.369745320650505,2.301319423135931
2001-09-02 00:22:12.500000,15.040245304714453,35.27788424683788,35.11690302798007,11.498658489842853,3.0663089306247606
2001-09-18 00:22:00.500000,27.694312432929635,31.879503296029434,30.46144412080331,8.431703204047217,1.533036946190403
2001-10-20 00:21:51.500000,25.283916513198285,29.542664211172497,38.26734192756292,2.3020257826887662,4.6040515653775325
2001-11-14 00:15:50.500000,28.97727272727273,22.51228501228501,43.90356265356265,1.5356265356265355,3.071253071253071
2001-12-16 00:16:01.500000,32.310524700828466,23.20497084995397,39.114759128567044,4.602638846271862,0.7671064743786437
2001-12-23 00:22:14.500000,32.53901145360904,24.421554308555613,38.4272426781459,3.8434929664078714,0.7686985932815743
2002-01-17 00:16:09.500000,26.60015349194167,23.921719109746736,49.478127398311585,0.0,0.0
2002-01-24 00:22:25.500000,25.768049155145928,25.368663594470046,48.863287250384026,0.0,0.0
2002-02-18 00:16:13.500000,26.116653875671524,25.755947812739834,48.127398311588635,0.0,0.0
2002-02-25 00:22:29.500000,26.44799508373022,27.354432324473805,46.19757259179597,0.0,0.0
2002-03-06 00:16:17.500000,26.025188143142376,28.444171402242358,45.530640454615266,0.0,0.0
2002-03-13 00:22:27.500000,25.910278076509453,28.760178214779543,45.32954370871102,0.0,0.0
2002-03-22 00:16:09.500000,27.151301143778305,30.260228755661323,42.58847010056038,0.0,0.0
2002-04-23 00:16:07.500000,24.900092222563785,29.372886566246542,45.727021211189665,0.0,0.0
2002-05-25 00:16:02.500000,26.684077118058227,23.10469314079422,46.37068899301022,3.840540748137338,0.0
2002-06-26 00:15:47.500000,26.62621918439444,25.835189309576833,47.53859150602872,0.0,0.0
2002-07-12 00:15:45.500000,27.186924493554326,25.460405156537753,47.352670349907925,0.0,0.0
2002-08-04 00:21:44.500000,17.768055875354978,29.2194335712641,53.01251055338092,0.0,0.0
2002-08-13 00:15:32.500000,27.485020740513132,23.01428790904901,49.500691350437855,0.0,0.0
2002-09-05 00:21:32.500000,17.40263722784422,28.03587856485741,54.56148420729837,0.0,0.0
2002-09-30 00:15:06.500000,29.52644101619464,17.591526594519916,52.88203238928544,0.0,0.0
2002-10-07 00:21:15.500000,28.093594169543536,17.836593785960876,54.06981204449559,0.0,0.0
2002-10-16 00:15:05.500000,34.16320885200554,16.651298601506074,49.185492546488405,0.0,0.0
2002-11-01 00:15:11.500000,31.816786865121994,14.761393279116158,53.42181985576187,0.0,0.0
2002-11-08 00:21:25.500000,16.59827055547413,6.83716840099663,76.56456104352924,0.0,0.0
2002-11-17 00:15:22.500000,37.2350374064838,15.975685785536161,46.78927680798005,0.0,0.0
2002-11-24 00:21:42.500000,30.73951008422842,15.879761996754501,53.380727919017076,0.0,0.0
2002-12-03 00:15:37.500000,32.59617599631422,19.33502265223067,48.06880135145512,0.0,0.0
2002-12-19 00:15:38.500000,33.95241749808135,16.93783576362241,49.10974673829624,0.0,0.0
2003-01-04 00:15:41.500000,34.21113243761996,18.449136276391556,47.33973128598848,0.0,0.0
2003-01-11 00:21:55.500000,33.407538189913254,20.058340370000767,46.53412144008597,0.0,0.0
2003-01-27 00:22:02.500000,31.03395298817022,26.05622983561223,42.909817176217544,0.0,0.0
2003-02-05 00:15:59.500000,29.821058290453884,23.29314184778435,46.885799861761775,0.0,0.0
2003-03-09 00:16:07.000000,33.23095823095823,27.39557739557739,39.37346437346437,0.0,0.0
2003-03-16 00:22:16.500000,26.78886417670067,30.799907968402486,42.41122785489685,0.0,0.0
2003-03-25 00:16:00.500000,30.752704672753783,29.41763216450549,39.82966316274074,0.0,0.0
2003-04-17 00:22:18.500000,26.03223330775134,32.80890253261703,41.15886415963162,0.0,0.0
2003-04-26 00:16:07.500000,19.855651105651102,35.69563882063882,44.448710073710075,0.0,0.0
2003-05-28 00:16:04.500000,18.072196620583718,36.2826420890937,44.877112135176645,0.7680491551459292,0.0
2003-07-07 00:03:39.500000,19.5949056314255,35.26162344637103,43.60902255639098,0.7672241829062452,0.7672241829062452
2003-07-14 00:09:56.000000,20.332618025751074,35.16247700797058,42.97210300429185,0.0,1.5328019619865114
2003-07-30 00:10:14.500000,20.95574135153793,31.50264631433612,46.7745647004679,0.7670476336580501,0.0
2003-08-08 00:04:12.500000,22.004908728332566,29.86654394845835,48.128547323209084,0.0,0.0
2003-09-09 00:04:46.500000,25.335789392892778,29.56481694681096,43.56435643564357,1.5350372246526978,0.0
2003-10-11 00:05:12.500000,25.946650314272578,28.215544994634378,43.53824927180746,1.5330369461904034,0.7665184730952017
2003-10-18 00:11:29.500000,24.93096041730592,26.503528689782136,46.264191469776,1.5342129487572873,0.7671064743786437
2003-10-27 00:05:25.000000,21.908560908254064,27.301319423135933,50.023013194231346,0.0,0.7671064743786437
2003-11-03 00:11:34.500000,22.750632814297767,26.233029071105317,49.482242847280816,0.7670476336580501,0.7670476336580501
2003-11-19 00:11:55.000000,8.041395170563435,33.70640091989268,58.25220390954389,0.0,0.0
2003-12-14 00:05:55.500000,16.141883092009497,24.592047805102276,59.26606910288822,0.0,0.0
2004-02-07 00:12:26.500000,20.54531490015361,24.807987711213517,54.64669738863288,0.0,0.0
2004-02-16 00:06:18.000000,12.49904030710173,30.103646833013435,57.39731285988484,0.0,0.0
2004-02-23 00:12:31.500000,24.146397606076878,23.647663623110564,52.20593877081255,0.0,0.0
2004-03-19 00:06:29.000000,27.9824965453708,24.850299401197603,47.1672040534316,0.0,0.0
2004-03-26 00:12:38.500000,23.603866216630863,23.235655108929116,53.16047867444,0.0,0.0
2004-04-04 00:06:41.500000,22.76179516685846,23.797468354430382,53.44073647871116,0.0,0.0
2004-04-11 00:13:06.500000,19.668610003068423,26.334765265418834,53.22951825713409,0.7671064743786437,0.0
2004-04-20 00:07:11.500000,25.383906633906633,26.013513513513516,48.602579852579844,0.0,0.0
2004-04-27 00:13:33.500000,24.731430325352978,23.69551872314303,51.57305095150399,0.0,0.0
2004-05-29 00:14:29.500000,19.883399815894446,26.718318502608156,53.39828168149738,0.0,0.0
2004-06-07 00:08:35.000000,25.295800788802104,22.73606062949501,51.96813858170288,0.0,0.0
2004-07-16 00:15:53.500000,24.05189620758483,25.234147090434515,50.713956701980656,0.0,0.0
2004-08-01 00:16:13.500000,12.752602571953462,30.718003674219236,56.529393753827314,0.0,0.0
2004-08-26 00:10:40.000000,11.060084194412552,28.64906238040566,48.80979716800613,6.123230003827018,5.357826253348641
2004-10-20 00:18:09.500000,30.213288322847937,22.226484578793922,46.7930029154519,0.7672241829062452,0.0
2004-10-29 00:12:09.500000,27.950310559006216,21.079671804309484,50.970017636684304,0.0,0.0
2004-11-21 00:18:41.500000,25.184105553850877,21.448297023626882,53.36759742252225,0.0,0.0
2004-12-16 00:13:04.500000,35.68417018014565,21.372173246454583,42.94365657339977,0.0,0.0
2004-12-23 00:19:21.500000,27.45609325868548,22.616765089347343,49.160211672674286,0.7669299792928906,0.0
2005-01-08 00:19:34.000000,22.47794399693134,27.978519370924438,49.54353663214423,0.0,0.0
2005-01-24 00:19:47.500000,22.70427717307987,25.86999846696305,51.42572435995707,0.0,0.0
2005-02-25 00:20:16.500000,23.207431291263628,25.36465530477507,51.42791340396131,0.0,0.0
2005-03-06 00:14:13.500000,21.50141860286788,25.649873475960433,52.84870792117169,0.0,0.0
2005-03-13 00:20:29.000000,20.708697653014266,24.95781561589201,54.33348673109373,0.0,0.0
2005-03-22 00:14:23.000000,22.944785276073628,26.234662576687125,50.820552147239276,0.0,0.0
2005-04-14 00:20:39.500000,7.332771435139071,33.821163129262125,58.8460654355988,0.0,0.0
2005-04-23 00:14:31.000000,21.95888940021476,27.419849670194818,50.62126092959043,0.0,0.0
2005-05-09 00:14:37.500000,22.226487523992322,27.562380038387712,50.211132437619966,0.0,0.0
2005-06-01 00:21:00.000000,43.91158023558208,14.945693743307329,41.14272602111061,0.0,0.0
2005-06-26 00:14:58.500000,18.28922132719601,28.415803605677027,42.554660529344076,4.602991944764097,6.137322593018796
2005-07-19 00:21:20.500000,19.023155957675204,34.00552062567092,42.37080202422941,0.0,4.600521392424476
2005-08-04 00:21:30.000000,27.352918616246065,30.97338344711207,40.13960266932576,0.0,1.5340952673161001
2005-09-05 00:21:40.500000,17.405645903651425,32.20312979441546,46.555691930039885,0.0,3.835532371893218
2005-09-21 00:21:41.000000,32.64805154955507,28.037741638539426,37.012887388769556,1.5342129487572873,0.7671064743786437
2005-09-30 00:15:28.500000,27.578802055372346,29.243040110437924,42.41122785489685,0.7669299792928906,0.0
2005-10-16 00:15:25.000000,29.1049927141652,29.158677812715705,40.96939949382622,0.7669299792928906,0.0
2005-11-01 00:15:26.000000,28.537464529488453,28.184676739013725,40.97706879361914,1.533859958585781,0.7669299792928905
2005-11-17 00:15:48.500000,29.65490797546012,28.734662576687114,39.30981595092024,1.5337423312883436,0.7668711656441718
2006-01-20 00:17:17.500000,14.819073903710517,26.977920883164675,58.20300521312481,0.0,0.0
2006-02-12 00:24:01.000000,18.138607789021773,25.413983440662374,56.44740877031585,0.0,0.0
2006-02-21 00:18:01.500000,21.434599156118146,23.88185654008439,54.68354430379747,0.0,0.0
2006-02-28 00:24:21.500000,17.697146363915316,25.5676587910402,56.73519484504449,0.0,0.0
2006-03-09 00:18:21.500000,16.950583179864946,25.78268876611418,57.266728054020874,0.0,0.0
2006-04-26 00:19:13.500000,23.074562749309603,26.887081926971458,50.03835532371893,0.0,0.0
2006-05-12 00:19:27.500000,20.731707317073173,30.625862862402208,48.642429820524626,0.0,0.0
2006-05-19 00:25:43.000000,23.31542594013814,29.639293937068302,47.04528012279355,0.0,0.0
2006-06-04 00:25:57.500000,19.071373752877975,30.644666155026854,49.51650038372984,0.7674597083653107,0.0
2006-06-13 00:19:55.000000,22.256331542594012,30.283960092095164,47.459708365310824,0.0,0.0
2006-06-20 00:26:12.500000,26.64418212478921,25.663038479227353,45.39322397669785,2.299555419285605,0.0
2006-06-29 00:20:10.000000,28.053083768027005,26.871739797483897,44.308069960110466,0.7671064743786439,0.0
2006-07-06 00:26:27.000000,25.62293950778195,27.348002760101203,47.02905773211685,0.0,0.0
2006-07-22 00:26:39.500000,24.34795949677815,25.069039582694074,46.747468548634544,0.0,3.835532371893218
2006-08-07 00:26:52.500000,23.217985114708814,26.110642215913447,47.602240466508086,0.0,3.069132202869638
2006-09-01 00:21:00.500000,29.056285034170315,21.231667050602777,48.94417568916532,0.7678722260615832,0.0
2006-09-17 00:21:12.500000,28.549512924752623,20.05062514382143,50.632814297767894,0.7670476336580501,0.0
2006-09-24 00:27:28.000000,21.69811320754717,23.22442092345452,53.54348826507134,1.5339776039269826,0.0
2006-10-03 00:21:23.500000,29.01220354593599,20.26249136541561,50.72530508864841,0.0,0.0
2006-10-10 00:27:38.500000,30.234878722750995,22.144611605772184,46.852932146146756,0.7675775253300583,0.0
2006-10-19 00:21:33.000000,27.318045862412767,22.233300099700898,49.68172405859346,0.7669299792928906,0.0
2006-10-26 00:27:47.500000,24.028214367860155,19.604385494134785,56.36740013800505,0.0,0.0
2006-11-27 00:28:04.500000,19.475540561263607,22.4812145376476,58.043244901088784,0.0,0.0
2006-12-06 00:21:58.500000,24.195032198712052,20.093529592149647,55.71143820913831,0.0,0.0
2006-12-13 00:28:13.000000,23.43378575262633,20.12115635304041,56.44505789433326,0.0,0.0
2007-01-14 00:28:26.500000,21.54861484153173,21.019108280254777,57.43227687821349,0.0,0.0
2007-01-23 00:22:18.500000,25.270342817700747,21.96487460694839,52.76478257535088,0.0,0.0
2007-01-30 00:28:30.500000,23.13770617568086,25.17069428461834,51.6915995397008,0.0,0.0
2007-02-08 00:22:20.500000,26.666155380013812,23.506403865327098,49.8274407546591,0.0,0.0
2007-02-15 00:28:31.500000,21.148825065274153,26.247888189218244,52.6032867455076,0.0,0.0
2007-03-12 00:22:19.000000,25.968546221710774,25.569620253164548,48.46183352512466,0.0,0.0
2007-04-04 00:28:25.000000,24.130001533036953,26.306913996627323,49.56308447033574,0.0,0.0
2007-04-13 00:22:11.500000,27.887345560586297,26.981812600721355,45.13084183869235,0.0,0.0
2007-05-15 00:21:54.500000,9.61641528213766,39.20833014317433,50.40961641528213,0.7656381594058648,0.0
2007-06-16 00:21:24.000000,19.638203280699067,34.16372834585314,46.198068373447796,0.0,0.0
2007-06-23 00:27:26.500000,20.534274967375453,32.870192676748296,46.595532355876266,0.0,0.0
2007-07-09 00:27:15.500000,17.475281673948036,32.045680999463485,50.47903732658848,0.0,0.0
2007-07-18 00:21:00.500000,22.449762233471393,29.40635066728026,48.14388709924835,0.0,0.0
2007-08-03 00:20:52.500000,17.46299562849912,29.795229695528803,52.74177467597209,0.0,0.0
2007-08-10 00:26:59.500000,23.12058913777232,25.521632402577477,51.35777845965019,0.0,0.0
2007-08-19 00:20:42.500000,19.33185196536664,27.055398053788988,53.612749980844384,0.0,0.0
2007-08-26 00:26:49.000000,22.89239730226855,24.3638871857756,52.743715511955855,0.0,0.0
2007-09-04 00:20:33.500000,24.850437183617117,22.77189753029606,52.377665286086824,0.0,0.0
2007-09-20 00:20:25.500000,22.721693771095428,22.02362687941086,55.254679349493706,0.0,0.0
2008-01-17 00:24:39.000000,21.674461396917884,18.38534079582918,59.940197807252936,0.0,0.0
2008-02-02 00:24:21.500000,19.545872967167842,20.006136851795027,60.44799018103711,0.0,0.0
2008-02-11 00:18:02.000000,22.519757538555975,21.49927108110182,55.98097138034221,0.0,0.0
2008-02-18 00:24:05.000000,21.291461916461916,21.122542997542997,57.58599508599508,0.0,0.0
2008-03-05 00:23:47.000000,20.411295273173728,21.807857581338247,57.78084714548803,0.0,0.0
2008-10-15 00:17:39.000000,32.844191763982785,14.197910264290103,52.9578979717271,0.0,0.0
2008-11-09 00:10:29.500000,29.885587038316828,16.09460185825079,54.01981110343239,0.0,0.0
2008-12-18 00:17:52.000000,11.092359619515188,21.241178275544645,67.66646210494015,0.0,0.0
2008-12-27 00:11:56.500000,28.700929553660597,21.479603595298457,49.81946685104094,0.0,0.0
2009-01-03 00:18:17.500000,31.882054826076946,16.486216693542193,51.631728480380865,0.0,0.0
2009-01-12 00:12:20.500000,30.331899200983404,18.20067609096497,51.467424708051624,0.0,0.0
2009-01-19 00:18:43.000000,30.3813982042821,18.548077660962324,51.07052413475558,0.0,0.0
2009-02-04 00:19:08.500000,24.372457204268056,19.858754893682352,55.76878790204959,0.0,0.0
2009-03-01 00:13:35.000000,23.736870351912902,18.17833320555087,58.08479644253622,0.0,0.0
2009-03-08 00:19:55.500000,23.359963127976645,21.116915040712858,55.5231218313105,0.0,0.0
2009-04-02 00:14:18.500000,24.16122840690979,20.7447216890595,55.09404990403072,0.0,0.0
2009-04-09 00:20:37.500000,23.576362240982345,22.064466615502685,54.35917114351496,0.0,0.0
2009-04-18 00:14:37.500000,22.9057993249463,23.08223381405339,54.011966861000296,0.0,0.0
2009-05-11 00:21:13.500000,24.794783275795933,19.97698504027618,55.22823168392789,0.0,0.0
2009-10-18 00:23:41.000000,26.90004606172271,17.196376477813605,55.90357746046368,0.0,0.0
2009-10-27 00:17:35.500000,27.86344457230533,16.486382815496736,55.65017261219792,0.0,0.0
2009-11-12 00:17:42.500000,25.19195331695332,16.070331695331692,58.73771498771498,0.0,0.0
2009-11-19 00:23:56.000000,25.097888675623796,14.771593090211132,60.130518234165066,0.0,0.0
2009-12-14 00:17:58.500000,27.11435149654643,20.690713737528778,52.194934765924785,0.0,0.0
2010-01-31 00:18:14.000000,29.960835509138377,17.95855091383812,52.08061357702349,0.0,0.0
2010-02-07 00:24:26.500000,27.399048057730692,19.814217718409335,52.78673422385998,0.0,0.0
2010-02-16 00:18:17.500000,26.21806184301389,21.614363538709433,52.16757461827668,0.0,0.0
2010-02-23 00:24:29.500000,29.525564256103177,21.90234914785813,48.57208659603869,0.0,0.0
2010-03-03 00:25:36.000000,32.010538448872055,23.019924254898733,44.969537296229205,0.0,0.0
2010-03-27 00:24:29.500000,31.52157224013511,22.209427299247654,46.26900046061722,0.0,0.0
2010-04-05 00:18:17.500000,34.67167266876102,16.879932572216692,48.4483947590223,0.0,0.0
2010-04-12 00:24:27.500000,44.69929426204357,20.29763731205891,35.00306842589752,0.0,0.0
2010-10-05 00:23:36.500000,21.57903072537219,30.64618308520748,47.77478618942033,0.0,0.0
2010-10-21 00:23:27.000000,20.871700429711478,28.552793124616333,50.57550644567219,0.0,0.0
2010-11-22 00:23:21.500000,19.038491028983284,27.65680110412514,53.30470786689159,0.0,0.0
2010-12-24 00:23:26.000000,22.24597297503626,15.963050614550728,35.07137949461791,12.214672875792045,14.504924040003054
2011-01-02 00:17:17.000000,20.555810748736793,20.97687949777982,43.92129842290613,9.952534068289696,4.593477262287552
2011-01-09 00:23:28.500000,17.942437232088185,24.732088181261485,45.84353949785671,4.592774035517453,6.88916105327618
2011-01-18 00:17:18.500000,24.56651833665797,24.282645388982658,49.616387908546876,0.7672241829062452,0.7672241829062452
2011-01-25 00:23:29.000000,22.779863611983757,24.65711439736419,46.433223507777186,3.831124051796798,2.2986744310780782
2011-03-07 00:17:19.000000,5.229106408890242,20.74136093773786,10.092860404932258,24.356827523215102,39.57984472522454
2011-04-07 00:27:10.500000,2.035623409669211,5.261429861282115,4.8756463925141595,18.057949601904294,69.76935073463022
2011-04-08 00:17:10.000000,3.2125768967874233,10.382015645173539,8.179539758487126,12.15159109895952,66.07427660059238
2011-04-15 00:23:17.500000,29.565151284780296,20.883381480918352,13.820890983731186,6.842025239470884,28.88855101109929
2011-04-24 00:17:02.000000,4.846919395274633,11.091696421788347,10.369976449137736,15.953809921750361,57.737597812048925
2011-08-30 00:16:04.500000,16.35456638526477,53.18495778971604,30.460475825019184,0.0,0.0
2011-09-15 00:15:53.500000,14.947029018885308,50.70627974819592,32.81130047597114,1.5353907569476433,0.0
2011-09-22 00:21:57.000000,18.541570616259413,52.17458122022438,29.283848163516218,0.0,0.0
2011-10-01 00:15:35.500000,11.099162762116906,52.86120285736231,36.03963438052078,0.0,0.0
2011-10-17 00:15:23.500000,21.197237145049883,47.168073676131996,31.63468917881811,0.0,0.0
2011-11-09 00:21:11.500000,16.321362799263355,41.63597298956415,42.0426642111725,0.0,0.0
2011-12-03 00:27:17.500000,23.34110834070619,32.90436740931392,42.9502131424435,0.8043111075363951,0.0
2013-04-20 00:35:21.000000,23.455746773202215,31.922249539028886,44.6220036877689,0.0,0.0
2013-06-07 00:35:35.000000,26.930450118855916,31.677018633540378,36.02484472049689,2.3004370830457788,3.0672494440610385
2013-06-16 00:29:20.000000,23.518135112338012,32.344145387623655,38.00322061191627,1.5336247220305192,4.6008741660915575
2013-07-02 00:29:20.500000,24.518899026297632,32.90653990646324,37.207697615579235,3.8334738940427813,1.5333895576171126
2013-07-18 00:29:20.500000,19.98771875959472,33.143997543751915,39.96008596868284,0.0,6.908197727970525
2013-08-10 00:35:34.000000,24.37528744442741,29.012724206653377,36.64724819868159,6.8986662578568145,3.066073892380806
2013-08-19 00:29:24.000000,20.294410795062483,32.791535689641954,40.780495284827104,3.8334738940427813,2.3000843364256687
2013-11-14 00:35:16.000000,22.791018468848183,27.718599126369835,49.49038240478197,0.0,0.0
2013-11-30 00:35:10.000000,23.20840039855905,26.6268107610945,50.16478884034643,0.0,0.0
2013-12-16 00:35:05.000000,24.946319018404907,26.02760736196319,49.0260736196319,0.0,0.0
2014-01-10 00:28:38.000000,26.16800920598389,26.006904487917147,47.82508630609897,0.0,0.0
2014-01-17 00:34:42.000000,25.82649382526655,25.504333819130164,48.66917235560329,0.0,0.0
2014-01-26 00:28:29.000000,26.02792267566738,27.401043264805153,46.57103405952746,0.0,0.0
2014-02-02 00:34:36.000000,19.132770529547198,29.930928626247123,50.936300844205675,0.0,0.0
2014-02-11 00:28:16.000000,27.07021047779997,27.22384390843447,45.70594561376555,0.0,0.0
2014-02-27 00:28:03.000000,30.997159745144703,29.9608505411837,34.436171029400484,3.838182236892608,0.7676364473785217
2014-03-06 00:34:07.000000,26.84666717803175,32.200659660964945,38.65153026002915,1.5340952673161001,0.7670476336580501
2014-03-22 00:33:56.500000,23.42204156760488,34.03635248101849,42.541605951376646,0.0,0.0
2014-07-12 00:33:25.000000,25.276412776412776,35.60350122850122,30.674140049140046,0.7678132678132678,7.678132678132678
2014-08-06 00:27:23.000000,22.04494899133236,33.62736825956892,37.424254046176266,0.0,6.903428702922451
2014-08-13 00:33:36.500000,25.985278331544237,30.10274497776414,35.47768747124674,1.5335071308081583,6.900782088636712
2014-08-22 00:27:27.000000,23.54700199355927,30.11041251341819,37.90829627357767,0.0,8.434289219444869
2014-08-29 00:33:37.500000,27.606562404170496,28.633854645814168,36.09322293774916,4.599816007359705,3.0665440049064707
2014-09-07 00:27:30.000000,26.5260736196319,28.642638036809814,40.99693251533742,0.7668711656441718,3.067484662576687
2014-09-14 00:33:42.000000,41.198733297288946,28.145516335830695,30.65575036688036,0.0,0.0
2014-09-23 00:27:28.000000,25.862068965517242,27.601532567049812,41.172413793103445,4.597701149425287,0.7662835249042145
2014-10-09 00:27:34.000000,27.61422876418277,26.663600122661762,41.12235510579577,3.0665440049064707,1.5332720024532354
2014-10-25 00:27:35.000000,29.10178722098642,26.217688118432154,40.84528649229117,3.0681905346322003,0.7670476336580501
2014-11-01 00:33:44.000000,29.841123647248452,27.576943740885717,40.27937677488679,1.5350372246526978,0.7675186123263489
2014-11-10 00:27:36.500000,22.61503067484663,27.453987730061353,49.930981595092035,0.0,0.0
2014-12-03 00:33:44.000000,21.360638134683235,27.258782021782483,51.38057984353428,0.0,0.0
2014-12-12 00:27:26.500000,22.66871165644172,27.277607361963195,50.05368098159509,0.0,0.0
2014-12-28 00:27:26.500000,24.435917114351493,26.53108211818879,49.033000767459704,0.0,0.0
2015-01-04 00:33:35.500000,19.021322288694588,28.654701641356034,52.32397606994938,0.0,0.0
2015-01-29 00:27:19.500000,29.451897278650822,30.5021080873898,36.21310847067842,3.06630893062476,0.76657723265619
2015-02-05 00:33:29.000000,26.58120970217992,31.72397912189131,41.69481117592877,0.0,0.0
2015-02-21 00:33:22.000000,24.654696132596687,30.67833026396562,44.66697360343769,0.0,0.0
2015-03-25 00:33:04.500000,23.862502877311446,32.440727384332085,43.69676973835649,0.0,0.0
2015-04-03 00:26:44.500000,24.654696132596687,31.545426642111725,43.79987722529159,0.0,0.0
2015-04-10 00:32:55.000000,24.269387128940707,32.30037585334049,43.430237017718795,0.0,0.0
2015-04-19 00:26:45.000000,17.879625364655304,33.70182711500077,46.883156763396286,1.5353907569476433,0.0
2015-05-21 00:26:25.000000,24.72780248428155,35.193988652047224,37.77794816745897,2.300260696212237,0.0
2015-06-06 00:26:34.000000,28.480478637723404,31.57935107770193,36.87197974994247,2.3011429009741504,0.7670476336580501
2015-07-15 00:33:06.000000,20.903998158238046,29.514235285089402,40.372956795334204,6.906607321003761,2.3022024403345864
2015-08-09 00:27:01.000000,24.291187739463602,26.252873563218387,43.32567049808429,1.532567049808429,4.597701149425287
2015-08-25 00:27:09.000000,29.481674589786845,25.18018708786996,39.97086336451464,3.0670142616163165,2.300260696212237
2015-09-10 00:27:15.500000,28.373198405397115,24.486353879178168,41.7739957068384,3.8331800061330883,1.5332720024532354
2015-09-26 00:27:22.000000,29.99463149014495,23.199631873609942,39.13643684331621,5.368509855050235,2.300789937878672
2015-10-03 00:33:34.000000,32.561349693251536,23.205521472392636,39.6319018404908,2.3006134969325154,2.3006134969325154
2015-11-20 00:33:41.500000,23.82547721075185,25.67199065056486,50.502532138683286,0.0,0.0
2015-11-29 00:27:31.500000,29.761448185932345,24.94438904655979,45.294162767507856,0.0,0.0
2015-12-06 00:33:41.000000,34.552004292174445,23.461332106997776,41.986663600827775,0.0,0.0
2015-12-22 00:33:42.000000,25.6792018419033,26.638526477359935,47.68227168073676,0.0,0.0
2016-01-07 00:33:37.000000,27.052324689274204,26.791468467086084,46.15620684363971,0.0,0.0
2016-02-01 00:27:25.500000,25.06711666794508,28.23502339495283,46.697859937102095,0.0,0.0
2016-02-08 00:33:33.500000,27.59017651573292,27.605525709900224,44.804297774366844,0.0,0.0
2016-02-17 00:27:17.000000,30.61459372362464,27.407350571625873,38.14164045116243,3.069132202869638,0.7672830507174095
2016-03-04 00:27:15.500000,28.581293639223514,25.78071050410497,40.26701450164966,3.8364152535870484,1.5345661014348195
2016-03-20 00:27:09.500000,29.28308259134173,27.69419711390851,39.18483266809948,3.8378876266502924,0.0
2016-04-05 00:27:01.000000,34.58438867142529,28.520991634047128,36.12710108220124,0.0,0.7675186123263489
2016-05-14 00:33:05.500000,30.706605222734257,31.804915514592935,33.64823348694317,1.5360983102918588,2.3041474654377883
2016-05-23 00:26:59.000000,24.761977886977885,33.776105651105645,39.15847665847665,0.7678132678132678,1.5356265356265355
2016-06-15 00:33:15.000000,29.424863702679875,31.68240804730093,33.517622667588114,0.7678722260615835,4.607233356369501
2016-06-24 00:27:09.000000,23.94160583941606,34.222051479062614,39.531310026892044,0.768344218209758,1.536688436419516
2016-07-01 00:33:24.000000,25.85717573061287,33.121116821354605,37.18646927974227,0.0,3.835238168290251
2016-08-18 00:33:38.500000,26.30288166768854,31.161863887185774,35.63764561618639,0.0,6.897608828939301
2016-08-27 00:27:31.500000,25.475606014114753,32.24148511813439,38.44737649585762,0.7671064743786437,3.0684258975145746
2016-09-28 00:27:36.000000,37.46835443037974,25.715381664748747,27.610280015343303,7.671653241273494,1.5343306482546986
2016-10-14 00:27:42.000000,28.5988336402701,29.611724984653158,34.116022099447505,6.138735420503375,1.5346838551258437
2016-11-06 00:33:53.500000,31.449575005743174,27.521249712841723,26.47982234474309,8.423309594915386,6.1260433417566444
2016-12-24 00:33:47.000000,1.183252427184466,5.628033980582524,2.169296116504854,12.894417475728154,78.125
2017-01-02 00:27:35.000000,12.136921552184186,18.716169855912174,21.117633605245096,22.108713882747576,25.92056110391095
2017-01-18 00:27:31.000000,28.93062476044462,29.09160597930242,38.91146032962821,3.0663089306247606,0.0
2017-01-25 00:33:39.000000,24.086416915651576,32.83536351796521,33.118823259020914,8.427181490845017,1.5322148165172755
2017-02-03 00:27:24.000000,29.02336269628495,35.0976637303715,26.68709306779012,6.127920337035618,3.063960168517809
2017-02-10 00:33:30.500000,25.852686441327506,38.453284279911095,26.496512608262435,7.664597225415805,1.532919445083161
2017-02-26 00:33:26.000000,28.444512522018844,39.18204794363177,23.948839702841386,5.361108983686911,3.0634908478210923
2017-03-07 00:27:10.500000,27.673100490196077,39.698223039215684,25.73529411764706,3.063725490196078,3.8296568627450984
2017-03-14 00:33:17.000000,23.82156817659232,40.024526711121325,27.722848164328965,0.7664597225415805,7.664597225415805
2017-03-23 00:27:00.000000,28.99984660223961,40.30526154318147,26.85994784476147,0.0,3.834944009817457
2017-04-15 00:33:00.500000,27.69809005139219,39.725396947150415,26.44013193219299,3.835238168290251,2.3011429009741504
2017-05-01 00:32:50.000000,24.699026148301513,41.22383252818035,27.94264243539606,3.834061805076298,2.3004370830457788
2017-05-10 00:26:44.000000,22.044165005367272,38.90507590860297,30.61646986658488,0.7667535654040791,7.6675356540407895
2017-05-26 00:26:55.000000,22.105424691168572,39.50740428143943,33.016189672370146,0.0,5.370981355021868
2017-06-02 00:33:10.000000,22.371244635193136,38.044144696505214,30.38779889638259,0.7664009809932557,8.430410790925812
2017-06-11 00:27:03.000000,37.92044232836737,19.282752265397015,20.526800798648438,15.358623867301485,6.9113807402856695
2017-06-18 00:33:16.000000,23.08223911541119,35.767488289948545,33.471550334024414,1.5357444521231665,6.142977808492666
2017-07-13 00:27:11.000000,32.48695918993556,34.81129180730285,32.70174900276158,0.0,0.0
2017-07-20 00:33:25.000000,23.497351654256544,34.41314193597913,35.94841483073617,1.5352728947570433,4.60581868427113
2017-07-29 00:27:19.000000,23.839484385789923,32.27959794368142,40.04450241694161,0.0,3.8364152535870484
2017-08-14 00:27:25.000000,17.281776416539046,20.24502297090352,35.67381316998468,19.908116385911175,6.8912710566615605
2017-08-30 00:27:28.000000,25.324127349443803,30.01150747986191,38.52704257767549,0.0,6.137322593018796
2017-09-22 00:33:43.000000,30.34646634983903,26.483213245439213,33.97209872757933,6.8986662578568145,2.2995554192856047
2017-10-01 00:27:36.000000,32.0248409108334,25.162922640496816,35.91198343939278,4.600168672851337,2.3000843364256687
2017-10-17 00:27:40.000000,29.645814167433304,25.751303281202087,37.703158540325056,4.599816007359705,2.2999080036798527
2017-11-25 00:33:44.000000,27.514566084023308,28.51119288561791,35.54124501686599,7.666360012266177,0.7666360012266177
2017-12-11 00:33:42.000000,29.06860866232273,29.267918742813343,33.231123035645844,4.599463395937141,3.832886163280951
2017-12-27 00:33:44.000000,28.87048539222452,29.675638371290546,35.319377348362856,4.6008741660915575,1.5336247220305192
2018-01-05 00:27:30.000000,28.00276115968707,31.438870992483515,36.72342383801197,3.067955207853965,0.7669888019634913
2018-01-21 00:27:22.000000,28.111341154819414,26.846100759144235,45.04255808603635,0.0,0.0
2018-01-28 00:33:29.000000,24.938593797973596,29.106539760515815,45.95486644151059,0.0,0.0
2018-02-06 00:27:13.500000,28.242870285188598,29.82980680772769,41.92732290708371,0.0,0.0
2018-02-13 00:33:22.000000,26.378013204360514,30.822969445723935,42.79901734991556,0.0,0.0
2018-03-01 00:33:15.000000,30.570464652660633,31.804937892961206,37.62459745437817,0.0,0.0
2018-03-10 00:26:59.500000,31.727893243346884,31.980980136513544,36.291126620139586,0.0,0.0
2018-04-11 00:26:44.000000,29.009976976208744,32.88564850345357,38.10437452033768,0.0,0.0
2018-04-27 00:26:34.500000,26.064932074602808,31.944124645022644,35.85079438176376,0.7675186123263489,5.372630286284442
2018-05-04 00:32:41.500000,22.040659762178752,33.601841196777904,36.68584579976985,3.8358266206367473,3.8358266206367473
2018-05-29 00:26:12.000000,21.298143317477365,31.149301825993557,39.11308884456038,0.7672241829062452,7.672241829062452
2018-06-05 00:32:20.000000,28.256697628003373,29.147155906962457,32.616872649113375,2.3029093421355644,7.676364473785215
2018-06-30 00:26:25.000000,22.954214280236215,30.063655188281313,38.54590075926068,0.0,8.436229772221797
2018-07-07 00:32:39.500000,37.0529547198772,26.00153491941673,30.805832693783575,5.372217958557175,0.7674597083653107
2018-07-16 00:26:33.000000,27.811422000766576,28.06439248754312,35.69183595247222,1.5331544653123803,6.899195093905712
2018-08-01 00:26:40.000000,22.392520499655145,28.48494137481799,39.16008889570082,0.0,9.96244922982604
2018-08-17 00:26:49.000000,23.293973316975922,27.65680110412513,39.08142922864591,0.0,9.967796350253028
2018-09-09 00:33:09.000000,35.11959521619136,23.69671879791475,30.45078196872125,3.8331800061330883,6.899724011039559
2018-09-25 00:33:14.000000,34.45185014939094,22.97556117367655,31.847084961311577,4.596644449551827,6.128859266069102
2018-10-11 00:33:22.000000,28.61743731308949,23.90920941645579,37.504792577256346,5.367686527106817,4.6008741660915575
2018-12-23 00:27:15.000000,32.053639846743295,28.122605363984675,29.862068965517242,1.532567049808429,8.42911877394636
2019-01-08 00:27:14.000000,32.32656190111154,29.766193944039866,29.474894595630513,0.7665772326561902,7.665772326561902
2019-01-24 00:27:10.000000,33.57109986194202,30.84061972695199,28.68538119343458,2.300966405890474,4.601932811780948
2019-02-16 00:33:17.500000,28.138660940256155,33.721911189508404,32.00398803589232,5.368509855050235,0.7669299792928906
2019-03-13 00:26:59.000000,35.91317020786991,33.719413975607885,30.367415816522207,0.0,0.0
2019-03-20 00:33:08.000000,28.127398311588635,33.21565617805065,38.6569455103607,0.0,0.0
2019-03-29 00:26:55.500000,29.093141015804818,32.58401104802823,38.32284793616695,0.0,0.0
2019-04-05 00:33:04.500000,30.669430370029175,33.348687240902805,35.98188238906802,0.0,0.0
2019-04-14 00:26:50.500000,47.79739063699155,22.256331542594012,29.94627782041443,0.0,0.0
2019-05-07 00:33:02.000000,27.62592137592137,34.52088452088452,37.8531941031941,0.0,0.0
2019-05-16 00:26:57.000000,24.33220755296285,34.58704329137243,41.080749155664726,0.0,0.0
2019-05-23 00:33:12.000000,23.425847620512034,35.21949719381872,41.35465518566926,0.0,0.0
2019-06-01 00:27:06.000000,30.157268891446105,33.17222861526658,36.670502493287294,0.0,0.0
2019-06-17 00:27:12.500000,24.05830456463368,32.94207901802839,34.56079785193709,5.370157268891447,3.068661296509398
2019-07-19 00:27:19.500000,24.591672417759376,29.56828464074841,33.571045165248066,4.6008741660915575,7.668123610152596
2019-08-27 00:33:44.000000,30.093586989874193,26.465173366063212,31.934642528382945,3.0684258975145755,8.438171218165081
2019-09-12 00:33:48.500000,34.60093536763015,23.65253392624396,31.012803802806104,4.600168672851337,6.13355823046845
